code_md5;name;statement_count;statements_md5;version
dfd2725ff4d91df741de532165e5332c;;1;91215dc2148c33d811287a81151ccd7a;20260527121934
fef43945f277774fa275cad0db291e76;;1;b01e831a460e59453eb98dc90c5dc805;20260527122016
60595b6cd6ab788ea339b9d0affdf480;;1;174970bfe00b9d73be4b0a3c55514f04;20260527130222
e07e4c02819150a7ce9873a4f4addfd8;;1;376582cf1ee5a1b021fcc5d755ebeea3;20260527130253
2b26aef79f1ced9378f8eadc6d06a5f1;;1;a7385ae60cc450057a8761a422457b60;20260527132556
06ec8f402e99f52157038c1a1d27d13d;;1;37ba4b46e135508898947ae77eb97ab0;20260527160735
3e4cffb2d8fd1a2d7e2f2c79c376cf16;;1;73571b66ccebfe700deb6aabc5cfb2a5;20260527165546
1db76cc98b3a37c47e1009837766c5cf;;1;a5f9ea3dab959ff53d2f281cbf900ca4;20260527171830
b86f269560c4f362b4da535576aecc3e;;1;bb9571b7f7309510b397f6e4687df05a;20260528161152
3f3d2086af989cfebbfddb39ddbb69ab;;1;bcdfe9c41038754becc5d227aa3a9c20;20260528231642
37f475d1802582b6ad316ded626ce07d;;1;42b4473bc616c26461ea76df5de2a51d;20260529000629
5e7f3d168c3a205d976b804bbff54b99;;1;961a732ed3b0b863d0d5e2de541d91dd;20260529152845
6da89e96e840b4877a772909f1648eb4;;1;dabb3d00b0ef0577496fd8aa0ae7f6b0;20260603193236
89760c5d88d31cfb8534b58062eb7c24;email_infra;1;1a3ac5f82223b81bcdd56e59f76ea273;20260603203051
89760c5d88d31cfb8534b58062eb7c24;email_infra;1;1a3ac5f82223b81bcdd56e59f76ea273;20260603203105
89760c5d88d31cfb8534b58062eb7c24;email_infra;1;1a3ac5f82223b81bcdd56e59f76ea273;20260603203657
89760c5d88d31cfb8534b58062eb7c24;email_infra;1;1a3ac5f82223b81bcdd56e59f76ea273;20260603203954
bc3ce1699142c0a30f5a8c7e94091246;;1;01d58e7111b08bcd2b9516d034b56b58;20260603221954
76ee14e04852e04399ed067b4ae8b5d4;;1;8f29de1df13e4aae2a7f3c0d896e9638;20260603223837
63cf4c5c714464bfcf6ac4e8aa9de2ab;;1;be1a011168248db5fde1c8bfb3142337;20260603235434
882a09e598dccbeb62f7a5394757ac47;;1;800251d7212d56bd1e6906e36e5410ec;20260604005646
6140239f07186768c969493cce2bce9e;;1;10f700282eac12191b154ed87baca5c2;20260604010846
e2df1181152c6ee380caf4b356612e3e;;1;df5d3b39c2fdb62a4e2d17bfd393ceab;20260604155943
4b64fb91e0bd42d492ad2f609794a154;;1;41c0813977d6c58e305dad41ecf8ec60;20260604161144
39177b95d43ec124813e86d811906215;;1;d8f06ac3735bbd1b52fe68cde255e614;20260604164851
a4df5b11ac972c03c5614006fd1ef211;;1;657ccc9281a97fa27c72c53ef7c08290;20260604165554
3d1458d4d05eff17fdcc87c32a14a19e;;1;8ddceb66a9f7ba43de51a5c7d4619edd;20260604165620
4adf57a195d137a45bd6f024976334aa;;1;24e3efbd9b42c4eb539fdc5cd8cf030c;20260604174007
b43b3172c3d7172f33ebe833b42f497f;;1;1e79ba4f9a152a3f421dd666315e92cb;20260604180741
4b06d973bb9c2cdc5ecb15774f29c046;;1;984a8fdd90a14ccc9792ead2d1adfc58;20260605050010
51e6c9ebb575e12cabebeca547632e82;;1;1e7eeff87b6dd939c13838d214691f1c;20260605050815
9b07edeed89a85ee7a1cad93782254e8;;1;c3ed0459c7489bcffbc1b7e80339f41c;20260605050909
feb0f3023febe5b0b2c17f0211fc498d;;1;e453a97ead9084a13c4d06aac885cad8;20260605051035
18716b139e5a1168cfa9d003dbf98db5;;1;c948f1c0b42f762e0f924233f919e390;20260605051058
80e180e8e528adc9ea459dc32f838fa3;;1;f423fb64971363119ce0a12e0c6b8a3f;20260605051128
6a40791423e96867dfa722628fcc3022;;1;61ebc8f055b8f6d2789c749a0d2412da;20260605051208
4526da39cf2510914ecc634b4596f6eb;;1;66a6158a5cbf0fccb78d2afa7d85cefa;20260605101430
58e7e35a0d2aa460dba1c54b0c589b44;;1;54c905c213d31cdb55f800913cc6e124;20260605101553
18716b139e5a1168cfa9d003dbf98db5;;1;211b0e13cac4ea2c122a97fad23d8490;20260605101734
1b53bfee474897150449220f54c3cfe9;;1;14c881045d218cdbe6719bba0deb0a60;20260605102016
7988353cf15e12e2cfbc3c02874b3cdc;;1;3d3dec92222de8c7de227a300ecef5b4;20260605173040
1ad3f21275a88df30c9e2f84fe232647;;1;0f9af7caac4b9b9e76df118f262774c5;20260605183657
aa397e8606d079ff90a7ac63f22d6320;;1;eebc6a9eb7e98d565de70f1cdd3f7acc;20260606044706
c1a5435cab90075011c6dd02358a1a69;;1;e31cb318fac654641d7f7fd9cb57e181;20260606053259
259de165723989b443402af757193360;;1;edc605b2002f9a686af041928415526c;20260606053724
af2d97e575ac1b6ecc94ffe6abebf843;;1;06aa782cc0b78e3a63873319297dc872;20260606053913
a3f641a274d7255de80be83abfa87b2c;;1;ac7e758008bdb61f0810bc6c10ae6d12;20260606054103
e3da1a6c44a1ec8afc485c570cc9d6bc;;1;90d010d09f2b3541c7fd510701712ca7;20260606214747
0742c3af3269545f885023be31e7ea4c;;1;60fe7c184499a9be5a6845e9094f490c;20260606233949
16d45f59e9c36fbeaeea93719ef44738;;1;712ef8d0c36233969396ba759b0bbab7;20260606234549
c33838262b8e822a96590ca6f9b4214d;;1;1b638bce427d471570b79327c78bb8c6;20260607000710
590f8ef0291bd6a2cbac6716eb7f1ae5;;1;5496d8b0cda2a63665920d0d10a35e7b;20260607001950
56fce7977a17cf880acda16accea0d8c;;1;ae41855e1c44dec356ca3f411d087ea3;20260607034339
44f130a4f2d4d0def6f3846de43df0c0;;1;4a2be2b3757081d0305bfa49c3f3a5e9;20260607114653
7f7afea558cedcd758eb0a28ce8a98c1;;1;2f31aa0f4ccbe3958a8be6d82412c68c;20260607203436
9cdbe47a8fe4140529e804b8bf4c03f2;;1;a7eb671bd13b37505d47f02814c30a45;20260607205050
7594b491ce456b8399dcd8e8d859adf6;;1;7b3bbd1c9c45d3dc40c70e8f25b98fea;20260608001944
4ad19344fc104a9d2bb8f697aede9d5c;;1;44de55ad44365df8d72defc22ff28b45;20260608005901
995fc0670a3b3ab51c89ee12012f7e89;;1;03a99113e1ce3d682f43ab1a8d7216eb;20260608010933
0177b87dd13a29c3b84ad0c3eebdd95b;;1;1ceb736964babc484b6312734cdd8409;20260608011828
b9ac91932e4b8a93fa34db3974728214;;1;aa94639c417354d911a239389a137639;20260608013010
e40687b64f191e3efebadbb41eadb889;;1;789e3818eb509231abaf15b0407a2ad1;20260608061637
a3dd146e80559e3e0bb5392bb1b50129;;1;19434c6c209ec18e0fd7a6582ae9907c;20260608065855
7b96cd18956933083ef8d8668205a378;;1;ba3d19b4f4f06fcda73c29d212aaa9db;20260608094701
eb98d6e5f806d9d9da0f4d5b70867a17;;1;6c3d56e62c18393a472aeb426ee93e22;20260608153642
c2f4b3f023a22da892f582595468be58;;1;1c9c710ab2627f1beea75245c79cc272;20260608154915
a3dccee62f65eee88bc6cdcd736cabdf;;1;555f2b27bfad842a32e6ca78e95714e2;20260609130524
ef5ce7870306644f8b11560d31251bf1;;1;73d15b16d0749e3a8677a91ccedfb425;20260609150922
98a2b076748dcbde261be43db4ca1c82;;1;f680ed5b8542549521b568adbfb6827a;20260611232722
caad45e38146be61e586578452585d46;;1;ccf43f684b604ee88cc0a7430148aac3;20260611233233
8a07161af43eef9035fb9348d1b3916e;;1;fc600cf70d3cc83be6839e8361938a82;20260612002438
9b14d9814778bed6381b998d349b37db;;1;4682eef5173887d0e1d5edc9be4ab2b9;20260612004322
5382578c19e9b642f992a2321b496d2c;;1;cd38057eca62f14679c6e988dc87ae1c;20260612004921
2fc7c3e693ab017e70f3a2229f7e6a0f;;1;06cf116bd0c02c5e874df6b3ff980fe2;20260612010017
15a0075dc0f781c5a8d9d961130d9520;;1;e25693c0bbcf4458d9f50857f5be3ab9;20260612011616
f91610575244bc9a1bc985b1df27f0e2;;1;f85c7173179ee8f26e852104be25d5d2;20260612012307
7a0d62c17f9fb155a3e86d3074b0a025;;1;727286d61143545f6ca4a1365b8ffdd4;20260612012413
bbc5a0c7aeaa650186a65f9656ead7df;;1;43850b788fc191ca038a41e5cd667f31;20260612013639
537d0b4c740ff20f741d916e00af89e5;;1;bbbb24af3120fbcec1381a2d78d104de;20260612030836
72bfb65e84b4f1b3a68ca972a064360c;;1;f0249bc4626a32aa6be8bd6ebf1a524f;20260612032121
b1f0a53486096b8141978518bd022ad2;;1;cd231a167dd9aac353bdf28fadfbe5d6;20260612034706
fab7be86bac50de66aff45c15c9eb379;;1;1bbc675a67a2e0db233ee5d14c6f2084;20260612035611
6bf5d242e09063cfe934760f0d6169bf;;1;0da49462c148a82554718b322571e6fa;20260612211744
cf233ae988fb9822331bf58463cd9e7a;;1;790e5665fc2f4f6bfa39a6d688647fbc;20260613075107
e6e07ccc1829c88c6490045803cc3091;;1;faa2972f0d7bb0d123e34b0075a11446;20260613075543
0f5dd5275d689e52d9355f47f68b467b;;1;849cfebb28ea97270dbed53cc9081672;20260613135053
a24387e303fc5fe1a2b1bf2724039b59;;1;cd6edd0ce2fd1a2d89a62e9b3569fb1f;20260613140309
5fd7b613db12204c5e451019fba084aa;;1;b7156877df5b453f43dccb6ffae39e20;20260613150847
2c5c213d15c06646feb4f8c65d5b8a78;;1;eebde6bf7a10bcd5847600245b89ccdc;20260613151657
0a1f3b4fe767a23415d0c90c198fc7fe;;1;7527cf97a77c34681649ccf0834a474c;20260614015906
f797cb1298f83b234b53c2fcec1e883e;;1;d8e5d0bd86799fb0d0de375fc168601e;20260614020003
78a6ec684735cdbaaebbc1569e807bec;;1;cd28f399148f8d5dc807e53f7d50a371;20260618023908
eafab77b608547f4cdd7a613fcf74d3b;;1;38c94def4ead3b1fb70a48f022fa0033;20260618090624
c4cd7c86ea7bb52439e5776421e965b8;;1;c94567d2962d20c02421770f1308a4ce;20260618180247
a399597309596a9e1aaa485cfca91c8c;;1;6e40ceb7ff3221956cc11d25fd1eb21c;20260618180755
553076da701ea713a454bcfe38159677;;1;b85d60b3238bb0620e9f0b357645b6b4;20260618185913
3f35267034ef99ca5172c91daea432ff;;1;48b75748862e702d22cc0f8c7e1d689a;20260619050536
146ce57835bbc2ff00373ee728829399;;1;5f521cd1ef9f25b6e129e28a68fe434e;20260619153629
a0b4f74299b406b4d651bdeb2701a047;;1;ced7e173158ffbdb14111bfe8ba747a1;20260620100247
82e0af61013336ed16a2de5daa18e85c;;1;95e75ad0b1ba6b48bdc4e909aefd66d4;20260622183911
1027dba37c1419c671f00162967dd0ed;;1;197afac39af897e505f911c61e362bfd;20260622224725
ef81ab30512f894c131c79bfa21b5a2b;;1;e7659d92ee45ef0a4d6b92d87cad8a40;20260622233040
d5e39e144399f8fede270daf13ad990d;;1;6da7d9b0573f02377398754921d44add;20260623004643
a73516cb485eb88a9bd5a676901d4bcd;;1;74acb08e2a841ca9ec9ee5e5da38e086;20260624024446
c0bdfce8992beff5d6bfe3fd6c563237;;1;669bcdb0cb5fb6cb193de499edb60d70;20260624025049
ff67dfe5685b3048718b12d2ac0af341;;1;4aa5d5f704d606851d33625036fc64f6;20260624030148
34e488225d1f2054dc5369ea2e8db11f;;1;5a90bfa8867774b9f477cf1941a3e6d9;20260624032045
edfc94befa7475ac49e7e071d91aca64;;1;38421f7fe1fb11f4e9c67b46fae9b8ff;20260624192829
9fa55a1798679edf433a381532a93f51;;1;aad0c9dff12b481435b4aad4d2f95dae;20260625125506
1ddb11825609cb6707252d8d24060a56;;1;cda07adbba2d162e73259c757075bb97;20260625143754
b25a7527d801e48c463813e92eb4c184;;1;919af06fbe562b93823374fb697382ce;20260626004003
2cc2f825279bd1a7f860d86a958da768;20260710223628_a6761658-8e09-4745-bdb5-bda1bb5e0cc3;1;fbcf2913fac99d8b3f6dbb02ad6103ee;20260710223630
3a056fa514c56655896982ac7c5a71b3;20260710233005_477580a0-26d3-4501-ad72-29004cbfab44;1;8bf4dcea2d2783e0476ffbe8d852ab86;20260710233009
c1da99e572b60a962d1c7338471122c1;20260712035613_848f863a-7c47-4340-ac48-428e2bd35e69;1;ad8ab310ddf6497b6b5b5db198e609c9;20260712035614
09c962b72ca00b5197e06d6d002406e7;20260714023904_ef54e592-3b56-4444-9a43-25cf9477c955;1;6a760bc08467a714d19e63eba6b042e0;20260714023906
b39ce4d16e36971e4ecae4fe9d4f829d;20260714030632_363ddf92-3bbe-4816-b550-e4f0ecfb4343;1;4708cd888d8f7213be1f00e4da146ebb;20260714030636
fa864e8ddaeeee492bd9d0483b847016;20260714201827_2e6b73d2-20b6-49b8-bce2-42c573278384;1;bc07610e5981aaf89bf2da6e626fd047;20260714201831
b6bf977e1240196f8594a5ee4c9f9c52;20260714221403_35c335df-5bb5-401e-8cf6-ef5fe0f917f0;1;8a5a1dc2ef4436873734b8fc4ed6f259;20260714221409
8f38dbfea31c702bef3c0bc4eab3a1c7;20260715000042_0c1f2f66-6870-408a-b62f-18ad2784caa5;1;fd01140f6cc1b13d8afd68c1978da86b;20260715000044
8527fbac1c220b7328d7f0775f6e398a;20260715012333_6153e2a0-7d80-48bc-ad0e-4a5979ec5e12;1;4cad0fceb9b35aff9ffe09b3d025855f;20260715012334
7ec1926fdd11d935a87c254af3902e25;20260715014612_cb7cf0b6-afe9-4d8d-a5d3-609f754b7395;1;0bb547a6de4bb4eaa4d90dafc36c2fb3;20260715014614
1ffd45578b87dbd1343a35627a8a9ff9;20260715031029_93358eaf-ed18-40b0-bcf8-383a6d1bc5ac;1;75dd6ff67d641974d96ee44a7da8f7e9;20260715031031
bed3b9062bbe22a7935fa8b5292526f8;20260715152133_8ed7834a-7f65-4ccc-987e-ad11d1ded410;1;26f1a9c427cb6ea522c07d7b6571404c;20260715152134
58fbdbafa44be9eff35935bf97a8dae1;20260715173642_542459e2-988d-4c1f-b4f1-cba2673cff3a;1;f6b6e59e5b84e234a6efaa448b965b37;20260715173644
bd2dcc30a8525f46f2384b47a27e5779;20260715184945_073fe817-bea3-44f0-8256-41d1e3f74bd2;1;cf396f05201e425b3050156490d7ddda;20260715184950
dc101dd1dba4aadcd411bd73fe928190;20260716235857_38685f67-34c6-444e-ae36-98b55da8d463;1;61f880387ce0e835dda46b3ea628be0e;20260716235901
c0f2d6580e076f4640db6ae38cd903ef;20260719024751_5a9bb9f5-4876-4eab-b7cc-3cfbf666749b;1;c0285a67995edbee4ae9f6bb48df4c4c;20260719024752
6f36af271eddbb6b8748e5f2ce5bd424;20260719025240_d696a1e4-c892-453a-98b1-29ea915f3132;1;a28cffe2240e4b592be8398490e0aa59;20260719025242
0cc94f480c3b47753a5a1e3d5fb2d632;20260719030744_fc369efa-a9e0-47a7-b12b-84a1bcec0efd;1;0cbf7a22ec6de7eb197b57c64b90e9f8;20260719030745
eb078bcd36d15f4e0a3729ca529f0f73;20260719030952_baff2c91-a73c-428e-93a4-fa5134b7d94a;1;40b52fe27cc5852c67dd8943858a5c0a;20260719030955
ecc9344aad0a552028b25cea0781be62;20260719031159_f5e56d51-2414-4def-b996-daaea711e1a0;1;7787a4da1c5145658dca352915610358;20260719031200
26c2f10d915b91ecdc4bb3f780dbc4a5;20260719223054_bb7135ce-30a4-46d0-9050-9ffbc0d99d72;1;45cb125f8eb75d74c2cb21517d50aefa;20260719223056
e6089ed98fe6b5e3c47253dfd16aa0d0;20260719223510_94d96aef-38bd-4fa7-825e-b7ee53296b2a;1;4652ba8270f8be42bd4bd2b527d99269;20260719223512
da6e33e871cb17378c2021bd32ae10eb;20260719224635_f65f2f03-4d56-48f9-80f6-04c675317839;1;be5979038dfda89f46201ec59fc2959e;20260719224637
9f11ae8d2371728afc6a3729f06cb850;20260719231615_27830b8b-ace0-413d-a0d8-77741fbde0c2;1;386983604fe444ff2bd45ae5b06a0a6d;20260719231617
e3dd91009a0f7d2ae6ee63c48f0b7050;20260719232915_0a4650be-6e93-4a51-91a7-b43e678f812e;1;d221be75175e8f2f3e99a5cba262a691;20260719232916
a55e17ff78cb58dcc75f5c5d64886fb7;20260719233855_5eb1cc40-4053-4aea-849b-d166a457cc84;1;44c8c957589d50be3f9d232ac239bbe7;20260719233857
8e34ea5c8bfe47191e0d54212602c214;20260720030406_af22131d-431c-41f4-b753-5f8d12b63822;1;5c50d9a2d73d7afb896119344787dd6f;20260720030408
d6a22b7b96b3cb3a92486ca3cd08d873;20260720150548_86b4b3bc-edfc-4e54-9bbe-8748037d5f69;1;692c8463912b802e924da15d9237cf21;20260720150550
ba9428cbcec5b1a9f3eb761fda855e95;20260720150905_4a105e7f-1243-448f-b1c1-b3ac03b5dce8;1;ddb4f671c2d713b2e334214ab1b637b7;20260720150908
f2e74222888927c28ef3b4278f563e6c;20260720151446_3b2451ce-6aa6-4401-9a4a-0c2613aaa95f;1;c0f71870d188ce1006ad8fe51846950e;20260720151447
1b1e1d147717fd838b25ba602960d0a7;20260720165258_4284cfb2-1d3b-4f71-999b-963e0eea53ac;1;38d87f6ea5fc9b79a65b12fa7b0a511e;20260720165300
28fd5a3ea47973df6277de6ccfb621f4;20260720174341_3f803a6c-f2fd-4fe4-901e-53daef7e11d4;1;fd3d23628f8c2efabed49a9e852c7ab4;20260720174343
68c6f1926e226b4749a96a9f1a10a026;20260720202328_62e4d29c-abd4-4da6-8ca1-d0110225f161;1;14444596ffcdbccc3d6e1c4875e2f58a;20260720202330
30dd582c27d4ab18f68fa20f4676cae4;20260720234928_f0f16d3d-f06a-4dda-8b39-3fc12fbf10f4;1;dd339b9e16eb6475b5b7914acbe29c5e;20260720234929
9879f65c48ee158a5886f498f5ea90a2;20260721000023_94010d16-d613-440f-ba22-7d51a02e7dab;1;c932bc856b97136040673f2dc92b74ac;20260721000025
d8a799e7965d583fc929d256088fd1a3;20260721011205_059903d7-4ea9-4ceb-b583-ad510e015ead;1;f5d5b95b36a0a61066f095fbed101b6d;20260721011206
51158c942c6d744aee73549915b05768;20260721014839_47d4d57d-0c41-4eca-beb3-74f942245e78;1;fb7efc0708852db5da8f8aa14140c561;20260721014840
b98c77bb04ebdb7c91450885c1d02a6e;20260721015805_3c16cddb-4561-4d2e-8a4a-13202ff551f3;1;7a68b62dcc7a4d1214f0001de714ef1b;20260721015808
83ee7b80a95c4f5eae8b9d33f4f17235;20260721022034_9e8f02ff-4934-41b1-818f-e0f3d0da8590;1;08c79f2adf7c4df2831c486ac541ef77;20260721022037
7ddbbdc560d3f4a4308a995e8362bd12;20260721022558_d7443a36-87ce-4443-b2ef-4f1c3886c978;1;8a18f8a9527964a797a9d1378f8fe826;20260721022559
14cf3dba1d8d7bba094c78beae1174a0;20260721022828_1ee18617-84a6-41ab-89e2-661d8321477e;1;12e8280c7703e5eec179d60133e96ae0;20260721022829
c23de84d6b4b5a547c6d228a3ea670d9;20260721062433_5309f89c-906b-4e79-83d5-0e5590cc5871;1;f523d274c07c469e05ed047ff78293c1;20260721062435
4728e8536197dbc9ef7130b885ad37aa;20260721063850_855f87d6-f3f3-4c82-a731-acae3eae6d33;1;e1df4fa4467cf151ef2dab1b93afb5d9;20260721063851
aeeb80418d1a4e415c4bfec661f2cac4;20260721231135_6695caa9-8778-4578-87c4-03b8c2cbdc6b;1;72f045381b54af4bdd7a7c1ba0d3361b;20260721231139
1d4855f612c91659a27f30342c121e57;20260722211239_3af45a6b-ca90-46a7-a8f2-701435087b7f;1;f1a020f806ed40eaf5d2aaabee1988b1;20260722211240
21ae346674b2e5b6b83f9db696fbb771;20260726153513_384b7d3a-cd8d-4522-aea0-db84e7708ae8;1;50faaf7f99363ffe131bf71462d5b871;20260726153517
63bb8bbbaa5d9b059047b71862621dba;20260727175811_111df6a0-c443-4548-8a2c-7c75a13ae8b3;1;d24a684c38b1cedb0d9f87cb84c40a43;20260727175814
8f8130969c8be2adf15612f7363dbf93;b3520fb7-d55a-4515-af50-8cbb0f605779;1;f5889ba5922be6e9084fc826fad6e5fc;20260731155336
d37c3eccb3eea964dc7f91be5b92cada;812eccb6-7f2c-4d09-9dca-e0bd4ecf7f51;1;257b2d1b22ce9da523276f1898b4442e;20260731162023
b1c64bb8da566fe198cf55a51ac6b4df;6186fe15-d5ae-4da0-818d-591b9c47a732;1;b5c744a4064eabd3e303f7b2e6230770;20260731162137
cdaca4a223c1b7d35e5ff51731c02f58;4c267c88-4e51-4125-b9ba-877b60506501;1;27ea9e741511e27afc3979135229117a;20260731190843
84e719aa6d9598265653a3fd3824d654;e2d50712-5709-47bb-a108-ac99050fdd2c;1;2bea110c743f1c87521c913b2abbbf06;20260731205750
ff9f69523a0a06951997c9f39b8c037a;93605bdb-9789-412d-82bb-39c954967429;1;2d6cd9df82172c66de99454966dd3bdd;20260801025315
44ca4bb86160710f0c34258d1c624036;06911e2f-d9ab-4c55-83d3-63947b7e7b5c;1;5337adbbf0a07da009f326a5da856fb6;20260801065732
b5daeb5185e280f984945d791795d766;c2ac70bb-bfca-46e7-a2f9-aedb97bc4a4d;1;d8a42e95d16df4ad1fc69d28768ebc6f;20260801065815
3a514e9724d478ef3d1d5789b446aad8;3ce0668a-9187-4aa7-bc66-35eea463684f;1;69c9d0b03bbddfbba94cd55c6e06067c;20260801070412
12713ded4cae56fd7133c2d924874779;afc765ec-aef1-4c1e-a4d0-9f82832d91f6;1;116c26e8a6b1f6ebaa453578d63dbb1b;20260801071050
1e0e24c86c94fd27ceb28de74900c664;befe0942-94e5-42bc-84bf-927261fa1f5d;1;b1f46bdbd3c65eadb553d58b69f5a834;20260801071331
b9c4a15414f177d825379fc3cbacbdec;07db3e36-4b8b-41db-97a3-2e3d8f481f91;1;dd4961b644082cb50391eb63245677fc;20260801072238
56a128b3999d5a517f12d2369333c4ee;e3c6f902-ba21-4796-a5c7-a6f63194947f;1;9b9ece6130d863eedb3c26323aa1484e;20260801110128
d35e60b710ad93bbd2c78478cb6c6148;3104e7c7-91aa-4804-a8ac-8b7a2a7f202d;1;bea3dd2df416ff18f1e2c80180f73247;20260814202809
f43831a01851d72806afd1d187013802;5e73cace-87f5-4369-986c-8e695593294d;1;bf39f157ec4fee7305769026eabcedfc;20260814202839
88aa24a3051c657173d3d61fd4087765;5800c250-3224-4b91-93ca-c5fa97872897;1;b2fd8a191bf7aa92a969b1941f54a728;20260814202853
8fe3099ca167f71757f67077254e9ae6;5f6e9857-6edc-468c-b4da-7117fc914b19;1;0728d53d4c8c29c4c47c654e1a8b3fb1;20260814202912
e24345a07922d2eeae39272f0a8f62ca;49779172-d01d-497c-95d2-b451a7c70890;1;d040a83930d46db9ec63301e9685de32;20260814203316
900b7e95ff2cdf84f3f04d78e92d0194;dd944c00-cb34-4cb1-b5a7-ee6e76f67235;1;4168736924333340158b07906fe5247b;20260814203430
d0cdb1ef41d5c3af65caab4b724b78c4;e9798b8a-16ad-4791-a8e9-7573b4212711;1;4fc334c8f87c76a8c86befec7f5443cd;20260814203539
ee5a67efe286e08e6b5b231def58141f;1cff25a3-f502-4eb5-86e0-61894c85bd65;1;7bc2e629c2e5c896c7b349916e2ced9a;20260814215030
3666c58c727fbd1a12e4d0e8678657e8;0bb83fc3-57a7-4fa4-a669-cce132fe5c0f;1;a3bb72dc6a4d186007d8aff6e10fa960;20260814215748
89f9fc6f3dc1a79d48c2d5941c37354e;ded54c9d-17ff-48ec-b8f5-f12c7829c6c7;1;e95fccc7a3f18caecd63bc60aa199f84;20260823090553
